{
  "companies_count": 6893,
  "has_live_check_any": false,
  "filtered_total_stats": {
    "count": 6893,
    "mean": 660.8782823153924,
    "median": 0.0,
    "p50": 0.0,
    "p75": 37.0,
    "p80": 145.0,
    "p90": 1489.0,
    "p95": 4179.3999999999705,
    "p97": 4880.0,
    "p99": 16262.0,
    "sum": 4555434.0
  },
  "discovered_total_stats": {
    "count": 6893,
    "mean": 1156.0790657188452,
    "median": 0.0,
    "p50": 0.0,
    "p75": 68.0,
    "p80": 278.60000000000036,
    "p90": 3132.0,
    "p95": 6295.0,
    "p97": 12512.0,
    "p99": 25208.0,
    "sum": 7968853.0
  },
  "drop_ratios": {
    "prefilter_mean": 0.6887694758079949,
    "patterns_lang_mean": 0.1089152320715065,
    "total_mean": 0.7976847078795013
  },
  "brands": {
    "mean_brand_count": 0.3087189902799942,
    "mean_roots_count": 1.1781517481502974
  },
  "markdown": {
    "md_suppression_rate_mean": 0.0,
    "saved_md_total_sum": 0,
    "md_suppressed_total_sum": 0
  },
  "throughput": {
    "urls_per_min_mean": 0.6032657389050983,
    "urls_per_min_median": 0.0
  },
  "recommendations": {
    "company_max_pages_cap_percentile": 0.9,
    "company_max_pages_recommended": 1489
  }
}